Datetime,Water Level (m)
2025-04-21 00:00:00,-0.07867419
2025-04-21 01:00:00,-0.24431217
2025-04-21 02:00:00,-0.37276697
2025-04-21 03:00:00,-0.4764897
2025-04-21 04:00:00,-0.52486736
2025-04-21 05:00:00,-0.48777753
2025-04-21 06:00:00,-0.3112035
2025-04-21 07:00:00,-0.09148314
2025-04-21 08:00:00,0.0953201
2025-04-21 09:00:00,0.23201795
2025-04-21 10:00:00,0.31738526
2025-04-21 11:00:00,0.34302956
2025-04-21 12:00:00,0.293065
2025-04-21 13:00:00,0.17464246
2025-04-21 14:00:00,0.02014287
2025-04-21 15:00:00,-0.11203384
2025-04-21 16:00:00,-0.20833968
2025-04-21 17:00:00,-0.3038424
2025-04-21 18:00:00,-0.36388007
2025-04-21 19:00:00,-0.3672129
2025-04-21 20:00:00,-0.28745624
2025-04-21 21:00:00,-0.12514338
2025-04-21 22:00:00,-0.00237233
2025-04-21 23:00:00,0.07554121
2025-04-22 00:00:00,0.088059045
2025-04-22 01:00:00,0.030779261
2025-04-22 02:00:00,-0.09140942
2025-04-22 03:00:00,-0.24610941
2025-04-22 04:00:00,-0.3658674
2025-04-22 05:00:00,-0.44251505
2025-04-22 06:00:00,-0.47143865
2025-04-22 07:00:00,-0.41952848
2025-04-22 08:00:00,-0.22194591
2025-04-22 09:00:00,0.0036868267
2025-04-22 10:00:00,0.18963829
2025-04-22 11:00:00,0.33242285
2025-04-22 12:00:00,0.4137044
2025-04-22 13:00:00,0.4164505
2025-04-22 14:00:00,0.3334409
2025-04-22 15:00:00,0.16490594
2025-04-22 16:00:00,-0.03353423
2025-04-22 17:00:00,-0.20782313
2025-04-22 18:00:00,-0.35328856
2025-04-22 19:00:00,-0.46599123
2025-04-22 20:00:00,-0.4903612
2025-04-22 21:00:00,-0.34686476
2025-04-22 22:00:00,-0.09438205
2025-04-22 23:00:00,0.10393037
2025-04-23 00:00:00,0.24066152
2025-04-23 01:00:00,0.31225574
2025-04-23 02:00:00,0.31611887
2025-04-23 03:00:00,0.22488625
2025-04-23 04:00:00,0.02180251
2025-04-23 05:00:00,-0.18377668
2025-04-23 06:00:00,-0.328197
2025-04-23 07:00:00,-0.42638907
2025-04-23 08:00:00,-0.46338585
2025-04-23 09:00:00,-0.32501414
2025-04-23 10:00:00,-0.009039696
2025-04-23 11:00:00,0.2636352
2025-04-23 12:00:00,0.48508933
2025-04-23 13:00:00,0.63984513
2025-04-23 14:00:00,0.6868398
2025-04-23 15:00:00,0.6098244
2025-04-23 16:00:00,0.38608652
2025-04-23 17:00:00,0.08903703
2025-04-23 18:00:00,-0.14960796
2025-04-23 19:00:00,-0.33832473
2025-04-23 20:00:00,-0.48083374
2025-04-23 21:00:00,-0.5366718
2025-04-23 22:00:00,-0.3427252
2025-04-23 23:00:00,0.02227424
2025-04-24 00:00:00,0.27554366
2025-04-24 01:00:00,0.47696418
2025-04-24 02:00:00,0.59708977
2025-04-24 03:00:00,0.593941
2025-04-24 04:00:00,0.45663363
2025-04-24 05:00:00,0.19515008
2025-04-24 06:00:00,-0.06894542
2025-04-24 07:00:00,-0.2741918
2025-04-24 08:00:00,-0.43924344
2025-04-24 09:00:00,-0.5517943
2025-04-24 10:00:00,-0.48184538
2025-04-24 11:00:00,-0.03857438
2025-04-24 12:00:00,0.31977996
2025-04-24 13:00:00,0.59403497
2025-04-24 14:00:00,0.7641119
2025-04-24 15:00:00,0.79288054
2025-04-24 16:00:00,0.6565073
2025-04-24 17:00:00,0.34905136
2025-04-24 18:00:00,0.04007389
2025-04-24 19:00:00,-0.2111608
2025-04-24 20:00:00,-0.42316192
2025-04-24 21:00:00,-0.59878135
2025-04-24 22:00:00,-0.6875393
2025-04-24 23:00:00,-0.4490611
2025-04-25 00:00:00,0.042640798
2025-04-25 01:00:00,0.39365393
2025-04-25 02:00:00,0.67308986
2025-04-25 03:00:00,0.81442785
2025-04-25 04:00:00,0.7880184
2025-04-25 05:00:00,0.57080317
2025-04-25 06:00:00,0.21554273
2025-04-25 07:00:00,-0.07512637
2025-04-25 08:00:00,-0.30303976
2025-04-25 09:00:00,-0.4929055
2025-04-25 10:00:00,-0.62166786
2025-04-25 11:00:00,-0.5325668
2025-04-25 12:00:00,0.024109563
2025-04-25 13:00:00,0.41674772
2025-04-25 14:00:00,0.71757394
2025-04-25 15:00:00,0.89998
2025-04-25 16:00:00,0.9058182
2025-04-25 17:00:00,0.7037463
2025-04-25 18:00:00,0.31010336
2025-04-25 19:00:00,-0.030968178
2025-04-25 20:00:00,-0.29007572
2025-04-25 21:00:00,-0.51327705
2025-04-25 22:00:00,-0.69523823
2025-04-25 23:00:00,-0.76794875
2025-04-26 00:00:00,-0.30432186
2025-04-26 01:00:00,0.19102886
2025-04-26 02:00:00,0.5922157
2025-04-26 03:00:00,0.88567364
2025-04-26 04:00:00,0.99646753
2025-04-26 05:00:00,0.915968
2025-04-26 06:00:00,0.6012677
2025-04-26 07:00:00,0.22162051
2025-04-26 08:00:00,-0.066734165
2025-04-26 09:00:00,-0.3111424
2025-04-26 10:00:00,-0.5234845
2025-04-26 11:00:00,-0.6643282
2025-04-26 12:00:00,-0.5266533
2025-04-26 13:00:00,0.09977277
2025-04-26 14:00:00,0.5109538
2025-04-26 15:00:00,0.83650136
2025-04-26 16:00:00,0.983706
2025-04-26 17:00:00,0.91561925
2025-04-26 18:00:00,0.62420434
2025-04-26 19:00:00,0.20965192
2025-04-26 20:00:00,-0.108253144
2025-04-26 21:00:00,-0.36148486
2025-04-26 22:00:00,-0.5870607
2025-04-26 23:00:00,-0.7673943
2025-04-27 00:00:00,-0.79990536
